dac_inputs (V),adc_outputs
0.000000,0
0.000606,0
0.001211,0
0.001817,0
0.002422,0
0.003028,0
0.003634,0
0.004239,0
0.004845,0
0.005451,0
0.006056,0
0.006662,0
0.007267,0
0.007873,0
0.008479,0
0.009084,0
0.009690,0
0.010295,0
0.010901,0
0.011507,0
0.012112,0
0.012718,0
0.013324,0
0.013929,0
0.014535,0
0.015140,0
0.015746,0
0.016352,0
0.016957,0
0.017563,0
0.018168,0
0.018774,0
0.019380,0
0.019985,0
0.020591,0
0.021197,0
0.021802,0
0.022408,0
0.023013,0
0.023619,0
0.024225,0
0.024830,0
0.025436,0
0.026042,0
0.026647,0
0.027253,0
0.027858,0
0.028464,0
0.029070,0
0.029675,0
0.030281,0
0.030886,0
0.031492,1
0.032098,0
0.032703,1
0.033309,0
0.033915,1
0.034520,1
0.035126,1
0.035731,1
0.036337,1
0.036943,1
0.037548,1
0.038154,1
0.038759,1
0.039365,2
0.039971,1
0.040576,1
0.041182,1
0.041788,1
0.042393,1
0.042999,2
0.043604,1
0.044210,2
0.044816,1
0.045421,2
0.046027,2
0.046632,2
0.047238,2
0.047844,2
0.048449,2
0.049055,2
0.049661,2
0.050266,2
0.050872,3
0.051477,3
0.052083,2
0.052689,2
0.053294,3
0.053900,3
0.054505,3
0.055111,3
0.055717,3
0.056322,3
0.056928,3
0.057534,3
0.058139,3
0.058745,4
0.059350,3
0.059956,4
0.060562,3
0.061167,4
0.061773,3
0.062379,4
0.062984,4
0.063590,4
0.064195,4
0.064801,4
0.065407,4
0.066012,5
0.066618,4
0.067223,4
0.067829,4
0.068435,4
0.069040,5
0.069646,5
0.070252,5
0.070857,5
0.071463,5
0.072068,5
0.072674,5
0.073280,6
0.073885,5
0.074491,5
0.075096,5
0.075702,5
0.076308,5
0.076913,5
0.077519,5
0.078125,5
0.078730,6
0.079336,5
0.079941,6
0.080547,6
0.081153,6
0.081758,6
0.082364,6
0.082969,6
0.083575,6
0.084181,6
0.084786,7
0.085392,7
0.085998,7
0.086603,6
0.087209,6
0.087814,6
0.088420,7
0.089026,7
0.089631,7
0.090237,6
0.090842,7
0.091448,7
0.092054,8
0.092659,7
0.093265,7
0.093871,7
0.094476,7
0.095082,7
0.095687,7
0.096293,7
0.096899,8
0.097504,8
0.098110,8
0.098716,8
0.099321,8
0.099927,8
0.100532,8
0.101138,8
0.101744,8
0.102349,8
0.102955,8
0.103560,8
0.104166,8
0.104772,9
0.105377,8
0.105983,8
0.106589,8
0.107194,9
0.107800,9
0.108405,9
0.109011,9
0.109617,9
0.110222,9
0.110828,9
0.111433,9
0.112039,9
0.112645,9
0.113250,10
0.113856,9
0.114462,9
0.115067,9
0.115673,9
0.116278,10
0.116884,9
0.117490,10
0.118095,10
0.118701,10
0.119306,10
0.119912,10
0.120518,10
0.121123,10
0.121729,11
0.122335,10
0.122940,10
0.123546,10
0.124151,11
0.124757,11
0.125363,11
0.125968,11
0.126574,10
0.127179,11
0.127785,11
0.128391,11
0.128996,10
0.129602,11
0.130208,11
0.130813,11
0.131419,12
0.132024,12
0.132630,12
0.133236,12
0.133841,12
0.134447,12
0.135053,11
0.135658,11
0.136264,12
0.136869,11
0.137475,12
0.138081,12
0.138686,12
0.139292,13
0.139897,12
0.140503,13
0.141109,13
0.141714,12
0.142320,12
0.142926,12
0.143531,14
0.144137,12
0.144742,12
0.145348,13
0.145954,13
0.146559,13
0.147165,13
0.147770,13
0.148376,13
0.148982,13
0.149587,13
0.150193,14
0.150799,14
0.151404,13
0.152010,14
0.152615,14
0.153221,13
0.153827,14
0.154432,13
0.155038,13
0.155643,14
0.156249,14
0.156855,14
0.157460,15
0.158066,14
0.158672,15
0.159277,15
0.159883,15
0.160488,15
0.161094,15
0.161700,15
0.162305,14
0.162911,14
0.163516,15
0.164122,15
0.164728,15
0.165333,15
0.165939,15
0.166545,15
0.167150,15
0.167756,16
0.168361,15
0.168967,15
0.169573,15
0.170178,16
0.170784,15
0.171389,15
0.171995,16
0.172601,15
0.173206,16
0.173812,15
0.174418,16
0.175023,16
0.175629,16
0.176234,16
0.176840,16
0.177446,16
0.178051,16
0.178657,16
0.179263,16
0.179868,16
0.180474,16
0.181079,16
0.181685,17
0.182291,17
0.182896,17
0.183502,17
0.184107,17
0.184713,18
0.185319,17
0.185924,18
0.186530,18
0.187136,17
0.187741,17
0.188347,17
0.188952,17
0.189558,18
0.190164,17
0.190769,17
0.191375,17
0.191980,18
0.192586,18
0.193192,18
0.193797,19
0.194403,18
0.195009,18
0.195614,18
0.196220,18
0.196825,18
0.197431,18
0.198037,18
0.198642,18
0.199248,19
0.199853,19
0.200459,19
0.201065,19
0.201670,19
0.202276,20
0.202882,19
0.203487,19
0.204093,20
0.204698,20
0.205304,19
0.205910,20
0.206515,19
0.207121,19
0.207726,19
0.208332,20
0.208938,19
0.209543,20
0.210149,20
0.210755,20
0.211360,20
0.211966,20
0.212571,20
0.213177,20
0.213783,20
0.214388,20
0.214994,21
0.215600,20
0.216205,21
0.216811,20
0.217416,20
0.218022,21
0.218628,21
0.219233,21
0.219839,21
0.220444,21
0.221050,21
0.221656,21
0.222261,22
0.222867,21
0.223473,21
0.224078,21
0.224684,22
0.225289,22
0.225895,22
0.226501,21
0.227106,21
0.227712,22
0.228317,22
0.228923,22
0.229529,22
0.230134,22
0.230740,22
0.231346,22
0.231951,22
0.232557,22
0.233162,22
0.233768,22
0.234374,22
0.234979,22
0.235585,22
0.236190,22
0.236796,22
0.237402,23
0.238007,23
0.238613,23
0.239219,23
0.239824,23
0.240430,24
0.241035,23
0.241641,23
0.242247,24
0.242852,23
0.243458,24
0.244063,23
0.244669,23
0.245275,24
0.245880,23
0.246486,24
0.247092,24
0.247697,23
0.248303,24
0.248908,24
0.249514,24
0.250120,24
0.250725,24
0.251331,24
0.251937,24
0.252542,24
0.253148,24
0.253753,24
0.254359,24
0.254965,25
0.255570,25
0.256176,25
0.256781,25
0.257387,25
0.257993,25
0.258598,25
0.259204,25
0.259810,25
0.260415,25
0.261021,25
0.261626,25
0.262232,26
0.262838,25
0.263443,25
0.264049,25
0.264654,25
0.265260,25
0.265866,26
0.266471,26
0.267077,26
0.267683,26
0.268288,26
0.268894,27
0.269499,26
0.270105,26
0.270711,26
0.271316,26
0.271922,27
0.272527,26
0.273133,26
0.273739,27
0.274344,27
0.274950,27
0.275556,27
0.276161,27
0.276767,27
0.277372,27
0.277978,28
0.278584,27
0.279189,27
0.279795,27
0.280400,27
0.281006,27
0.281612,28
0.282217,27
0.282823,28
0.283429,27
0.284034,28
0.284640,28
0.285245,29
0.285851,28
0.286457,28
0.287062,28
0.287668,29
0.288274,28
0.288879,28
0.289485,28
0.290090,29
0.290696,28
0.291302,28
0.291907,29
0.292513,29
0.293118,29
0.293724,29
0.294330,29
0.294935,29
0.295541,29
0.296147,29
0.296752,30
0.297358,29
0.297963,29
0.298569,29
0.299175,29
0.299780,29
0.300386,29
0.300991,30
0.301597,30
0.302203,30
0.302808,30
0.303414,30
0.304020,30
0.304625,30
0.305231,30
0.305836,30
0.306442,30
0.307048,31
0.307653,30
0.308259,30
0.308864,30
0.309470,30
0.310076,31
0.310681,30
0.311287,31
0.311893,31
0.312498,31
0.313104,31
0.313709,31
0.314315,32
0.314921,32
0.315526,31
0.316132,31
0.316737,31
0.317343,31
0.317949,31
0.318554,31
0.319160,32
0.319766,31
0.320371,31
0.320977,31
0.321582,31
0.322188,32
0.322794,32
0.323399,31
0.324005,32
0.324611,32
0.325216,32
0.325822,33
0.326427,33
0.327033,32
0.327639,32
0.328244,32
0.328850,32
0.329455,32
0.330061,32
0.330667,33
0.331272,32
0.331878,32
0.332484,33
0.333089,33
0.333695,33
0.334300,33
0.334906,33
0.335512,33
0.336117,33
0.336723,33
0.337328,34
0.337934,34
0.338540,33
0.339145,33
0.339751,34
0.340357,34
0.340962,34
0.341568,34
0.342173,34
0.342779,34
0.343385,34
0.343990,34
0.344596,35
0.345201,34
0.345807,35
0.346413,35
0.347018,35
0.347624,34
0.348230,34
0.348835,35
0.349441,34
0.350046,35
0.350652,35
0.351258,34
0.351863,35
0.352469,35
0.353074,35
0.353680,35
0.354286,35
0.354891,35
0.355497,35
0.356103,36
0.356708,36
0.357314,35
0.357919,36
0.358525,36
0.359131,35
0.359736,36
0.360342,36
0.360947,36
0.361553,36
0.362159,36
0.362764,37
0.363370,36
0.363976,36
0.364581,36
0.365187,37
0.365792,36
0.366398,36
0.367004,36
0.367609,37
0.368215,37
0.368821,37
0.369426,37
0.370032,37
0.370637,37
0.371243,37
0.371849,37
0.372454,38
0.373060,37
0.373665,37
0.374271,37
0.374877,37
0.375482,38
0.376088,37
0.376694,38
0.377299,38
0.377905,38
0.378510,38
0.379116,38
0.379722,38
0.380327,38
0.380933,38
0.381538,39
0.382144,38
0.382750,38
0.383355,38
0.383961,38
0.384567,38
0.385172,38
0.385778,39
0.386383,39
0.386989,39
0.387595,40
0.388200,39
0.388806,40
0.389411,39
0.390017,39
0.390623,39
0.391228,39
0.391834,39
0.392440,39
0.393045,39
0.393651,40
0.394256,40
0.394862,39
0.395468,40
0.396073,39
0.396679,40
0.397284,40
0.397890,40
0.398496,40
0.399101,40
0.399707,40
0.400313,40
0.400918,41
0.401524,41
0.402129,40
0.402735,40
0.403341,40
0.403946,40
0.404552,41
0.405158,41
0.405763,41
0.406369,41
0.406974,41
0.407580,41
0.408186,41
0.408791,42
0.409397,41
0.410002,41
0.410608,41
0.411214,41
0.411819,42
0.412425,42
0.413031,42
0.413636,41
0.414242,42
0.414847,42
0.415453,42
0.416059,42
0.416664,42
0.417270,41
0.417875,42
0.418481,42
0.419087,43
0.419692,42
0.420298,42
0.420904,42
0.421509,42
0.422115,43
0.422720,42
0.423326,42
0.423932,42
0.424537,43
0.425143,43
0.425748,43
0.426354,44
0.426960,43
0.427565,44
0.428171,43
0.428777,44
0.429382,43
0.429988,44
0.430593,43
0.431199,43
0.431805,43
0.432410,43
0.433016,44
0.433621,43
0.434227,45
0.434833,44
0.435438,45
0.436044,44
0.436650,44
0.437255,44
0.437861,45
0.438466,45
0.439072,45
0.439678,45
0.440283,45
0.440889,45
0.441495,45
0.442100,45
0.442706,45
0.443311,45
0.443917,45
0.444523,45
0.445128,45
0.445734,45
0.446339,45
0.446945,46
0.447551,45
0.448156,46
0.448762,46
0.449368,45
0.449973,45
0.450579,45
0.451184,45
0.451790,46
0.452396,45
0.453001,45
0.453607,46
0.454212,46
0.454818,46
0.455424,46
0.456029,46
0.456635,46
0.457241,46
0.457846,46
0.458452,46
0.459057,46
0.459663,47
0.460269,47
0.460874,47
0.461480,47
0.462085,47
0.462691,47
0.463297,47
0.463902,47
0.464508,47
0.465114,47
0.465719,48
0.466325,47
0.466930,47
0.467536,48
0.468142,48
0.468747,47
0.469353,47
0.469958,47
0.470564,47
0.471170,47
0.471775,48
0.472381,47
0.472987,48
0.473592,48
0.474198,48
0.474803,48
0.475409,48
0.476015,48
0.476620,49
0.477226,49
0.477832,48
0.478437,48
0.479043,48
0.479648,48
0.480254,49
0.480860,49
0.481465,49
0.482071,49
0.482676,49
0.483282,49
0.483888,49
0.484493,50
0.485099,49
0.485705,50
0.486310,49
0.486916,50
0.487521,50
0.488127,49
0.488733,50
0.489338,50
0.489944,49
0.490549,50
0.491155,50
0.491761,50
0.492366,50
0.492972,50
0.493578,51
0.494183,51
0.494789,50
0.495394,50
0.496000,51
0.496606,51
0.497211,51
0.497817,51
0.498422,50
0.499028,51
0.499634,50
0.500239,50
0.500845,51
0.501451,52
0.502056,51
0.502662,51
0.503267,51
0.503873,51
0.504479,51
0.505084,52
0.505690,51
0.506295,51
0.506901,52
0.507507,52
0.508112,52
0.508718,52
0.509324,52
0.509929,52
0.510535,52
0.511140,52
0.511746,52
0.512352,52
0.512957,53
0.513563,52
0.514168,52
0.514774,52
0.515380,52
0.515985,53
0.516591,53
0.517197,53
0.517802,53
0.518408,53
0.519013,53
0.519619,53
0.520225,53
0.520830,53
0.521436,54
0.522042,53
0.522647,53
0.523253,53
0.523858,53
0.524464,54
0.525070,54
0.525675,54
0.526281,53
0.526886,54
0.527492,54
0.528098,54
0.528703,54
0.529309,54
0.529915,54
0.530520,55
0.531126,54
0.531731,54
0.532337,54
0.532943,54
0.533548,55
0.534154,54
0.534759,54
0.535365,54
0.535971,55
0.536576,55
0.537182,55
0.537788,55
0.538393,56
0.538999,55
0.539604,56
0.540210,55
0.540816,55
0.541421,55
0.542027,56
0.542632,55
0.543238,55
0.543844,55
0.544449,56
0.545055,55
0.545661,56
0.546266,56
0.546872,56
0.547477,56
0.548083,56
0.548689,56
0.549294,56
0.549900,56
0.550505,57
0.551111,56
0.551717,57
0.552322,57
0.552928,57
0.553534,56
0.554139,57
0.554745,57
0.555350,57
0.555956,57
0.556562,57
0.557167,57
0.557773,57
0.558379,58
0.558984,57
0.559590,57
0.560195,57
0.560801,57
0.561407,57
0.562012,57
0.562618,58
0.563223,58
0.563829,57
0.564435,58
0.565040,57
0.565646,58
0.566252,58
0.566857,59
0.567463,58
0.568068,58
0.568674,58
0.569280,58
0.569885,58
0.570491,58
0.571096,58
0.571702,59
0.572308,59
0.572913,58
0.573519,58
0.574125,59
0.574730,58
0.575336,59
0.575941,59
0.576547,60
0.577153,60
0.577758,59
0.578364,59
0.578969,59
0.579575,60
0.580181,59
0.580786,59
0.581392,60
0.581998,60
0.582603,59
0.583209,60
0.583814,60
0.584420,60
0.585026,60
0.585631,60
0.586237,60
0.586842,60
0.587448,61
0.588054,61
0.588659,61
0.589265,60
0.589871,61
0.590476,61
0.591082,61
0.591687,61
0.592293,61
0.592899,61
0.593504,61
0.594110,61
0.594716,61
0.595321,61
0.595927,62
0.596532,61
0.597138,61
0.597744,61
0.598349,61
0.598955,62
0.599560,62
0.600166,61
0.600772,62
0.601377,62
0.601983,62
0.602589,62
0.603194,62
0.603800,63
0.604405,62
0.605011,62
0.605617,62
0.606222,62
0.606828,62
0.607433,63
0.608039,62
0.608645,62
0.609250,63
0.609856,63
0.610462,63
0.611067,63
0.611673,63
0.612278,64
0.612884,63
0.613490,63
0.614095,63
0.614701,63
0.615306,63
0.615912,63
0.616518,63
0.617123,63
0.617729,63
0.618335,63
0.618940,64
0.619546,63
0.620151,64
0.620757,63
0.621363,64
0.621968,63
0.622574,64
0.623179,64
0.623785,64
0.624391,64
0.624996,64
0.625602,64
0.626208,64
0.626813,64
0.627419,64
0.628024,64
0.628630,64
0.629236,65
0.629841,65
0.630447,65
0.631053,65
0.631658,65
0.632264,65
0.632869,65
0.633475,66
0.634081,65
0.634686,65
0.635292,65
0.635897,65
0.636503,65
0.637109,66
0.637714,65
0.638320,66
0.638926,66
0.639531,66
0.640137,66
0.640742,65
0.641348,66
0.641954,65
0.642559,66
0.643165,66
0.643770,67
0.644376,66
0.644982,66
0.645587,66
0.646193,66
0.646799,66
0.647404,67
0.648010,66
0.648615,67
0.649221,67
0.649827,67
0.650432,67
0.651038,67
0.651643,67
0.652249,68
0.652855,67
0.653460,68
0.654066,68
0.654672,67
0.655277,67
0.655883,67
0.656488,68
0.657094,67
0.657700,68
0.658305,67
0.658911,68
0.659516,68
0.660122,68
0.660728,68
0.661333,69
0.661939,68
0.662545,68
0.663150,69
0.663756,68
0.664361,68
0.664967,68
0.665573,68
0.666178,68
0.666784,69
0.667389,69
0.667995,69
0.668601,69
0.669206,69
0.669812,69
0.670418,69
0.671023,69
0.671629,70
0.672234,69
0.672840,70
0.673446,69
0.674051,69
0.674657,69
0.675263,70
0.675868,70
0.676474,70
0.677079,70
0.677685,70
0.678291,71
0.678896,70
0.679502,70
0.680107,71
0.680713,70
0.681319,70
0.681924,70
0.682530,70
0.683136,71
0.683741,71
0.684347,71
0.684952,71
0.685558,71
0.686164,71
0.686769,71
0.687375,71
0.687980,71
0.688586,72
0.689192,72
0.689797,71
0.690403,71
0.691009,72
0.691614,71
0.692220,71
0.692825,72
0.693431,71
0.694037,71
0.694642,72
0.695248,71
0.695853,72
0.696459,71
0.697065,72
0.697670,72
0.698276,72
0.698882,72
0.699487,73
0.700093,72
0.700698,72
0.701304,73
0.701910,73
0.702515,73
0.703121,72
0.703726,73
0.704332,73
0.704938,73
0.705543,73
0.706149,73
0.706755,73
0.707360,72
0.707966,73
0.708571,73
0.709177,73
0.709783,74
0.710388,73
0.710994,74
0.711600,73
0.712205,74
0.712811,73
0.713416,74
0.714022,73
0.714628,74
0.715233,74
0.715839,74
0.716444,74
0.717050,74
0.717656,74
0.718261,75
0.718867,74
0.719473,75
0.720078,74
0.720684,75
0.721289,74
0.721895,74
0.722501,74
0.723106,74
0.723712,74
0.724317,75
0.724923,75
0.725529,76
0.726134,75
0.726740,75
0.727346,75
0.727951,75
0.728557,76
0.729162,75
0.729768,75
0.730374,76
0.730979,75
0.731585,75
0.732190,76
0.732796,75
0.733402,76
0.734007,77
0.734613,77
0.735219,76
0.735824,77
0.736430,77
0.737035,76
0.737641,76
0.738247,77
0.738852,76
0.739458,76
0.740063,77
0.740669,77
0.741275,77
0.741880,77
0.742486,76
0.743092,77
0.743697,77
0.744303,78
0.744908,77
0.745514,77
0.746120,77
0.746725,77
0.747331,77
0.747937,78
0.748542,77
0.749148,78
0.749753,77
0.750359,78
0.750965,78
0.751570,78
0.752176,78
0.752781,78
0.753387,79
0.753993,78
0.754598,78
0.755204,79
0.755810,78
0.756415,78
0.757021,79
0.757626,78
0.758232,78
0.758838,79
0.759443,79
0.760049,78
0.760654,79
0.761260,79
0.761866,79
0.762471,79
0.763077,79
0.763683,79
0.764288,79
0.764894,80
0.765499,79
0.766105,79
0.766711,79
0.767316,80
0.767922,79
0.768527,80
0.769133,80
0.769739,80
0.770344,79
0.770950,80
0.771556,80
0.772161,80
0.772767,80
0.773372,80
0.773978,81
0.774584,81
0.775189,81
0.775795,80
0.776400,81
0.777006,80
0.777612,80
0.778217,81
0.778823,81
0.779429,81
0.780034,81
0.780640,81
0.781245,81
0.781851,81
0.782457,81
0.783062,81
0.783668,81
0.784274,81
0.784879,81
0.785485,81
0.786090,82
0.786696,81
0.787302,82
0.787907,81
0.788513,82
0.789118,82
0.789724,82
0.790330,82
0.790935,82
0.791541,82
0.792147,82
0.792752,83
0.793358,82
0.793963,82
0.794569,82
0.795175,82
0.795780,82
0.796386,83
0.796991,83
0.797597,82
0.798203,82
0.798808,83
0.799414,83
0.800020,83
0.800625,84
0.801231,83
0.801836,84
0.802442,83
0.803048,83
0.803653,83
0.804259,83
0.804864,84
0.805470,83
0.806076,84
0.806681,84
0.807287,84
0.807893,84
0.808498,84
0.809104,84
0.809709,84
0.810315,85
0.810921,85
0.811526,84
0.812132,84
0.812737,84
0.813343,84
0.813949,84
0.814554,84
0.815160,84
0.815766,85
0.816371,85
0.816977,85
0.817582,85
0.818188,85
0.818794,86
0.819399,85
0.820005,86
0.820611,85
0.821216,86
0.821822,85
0.822427,86
0.823033,85
0.823639,86
0.824244,85
0.824850,86
0.825455,86
0.826061,85
0.826667,86
0.827272,86
0.827878,86
0.828484,87
0.829089,86
0.829695,86
0.830300,86
0.830906,86
0.831512,86
0.832117,86
0.832723,86
0.833328,87
0.833934,87
0.834540,87
0.835145,87
0.835751,87
0.836357,87
0.836962,87
0.837568,87
0.838173,87
0.838779,87
0.839385,87
0.839990,87
0.840596,87
0.841201,87
0.841807,87
0.842413,87
0.843018,87
0.843624,88
0.844230,87
0.844835,88
0.845441,88
0.846046,88
0.846652,88
0.847258,88
0.847863,89
0.848469,88
0.849074,88
0.849680,89
0.850286,88
0.850891,89
0.851497,88
0.852103,89
0.852708,88
0.853314,89
0.853919,89
0.854525,89
0.855131,89
0.855736,88
0.856342,89
0.856947,89
0.857553,89
0.858159,90
0.858764,89
0.859370,89
0.859976,90
0.860581,89
0.861187,89
0.861792,89
0.862398,89
0.863004,90
0.863609,90
0.864215,89
0.864821,90
0.865426,90
0.866032,90
0.866637,90
0.867243,90
0.867849,90
0.868454,90
0.869060,90
0.869665,90
0.870271,90
0.870877,90
0.871482,91
0.872088,91
0.872694,91
0.873299,90
0.873905,91
0.874510,91
0.875116,91
0.875722,92
0.876327,91
0.876933,91
0.877538,92
0.878144,91
0.878750,91
0.879355,91
0.879961,92
0.880567,91
0.881172,92
0.881778,92
0.882383,91
0.882989,92
0.883595,92
0.884200,92
0.884806,93
0.885411,92
0.886017,93
0.886623,92
0.887228,92
0.887834,92
0.888440,93
0.889045,93
0.889651,93
0.890256,92
0.890862,93
0.891468,93
0.892073,93
0.892679,93
0.893284,93
0.893890,94
0.894496,93
0.895101,94
0.895707,93
0.896313,93
0.896918,94
0.897524,93
0.898129,94
0.898735,93
0.899341,94
0.899946,93
0.900552,94
0.901158,93
0.901763,94
0.902369,94
0.902974,94
0.903580,95
0.904186,95
0.904791,94
0.905397,94
0.906002,95
0.906608,94
0.907214,94
0.907819,95
0.908425,95
0.909031,95
0.909636,95
0.910242,95
0.910847,95
0.911453,95
0.912059,95
0.912664,95
0.913270,95
0.913875,96
0.914481,95
0.915087,95
0.915692,95
0.916298,96
0.916904,96
0.917509,95
0.918115,95
0.918720,95
0.919326,96
0.919932,94
0.920537,96
0.921143,96
0.921748,96
0.922354,96
0.922960,96
0.923565,96
0.924171,97
0.924777,97
0.925382,97
0.925988,96
0.926593,96
0.927199,96
0.927805,97
0.928410,96
0.929016,97
0.929621,97
0.930227,97
0.930833,97
0.931438,97
0.932044,97
0.932650,97
0.933255,97
0.933861,97
0.934466,97
0.935072,97
0.935678,97
0.936283,97
0.936889,98
0.937495,98
0.938100,98
0.938706,98
0.939311,98
0.939917,98
0.940523,98
0.941128,98
0.941734,98
0.942339,98
0.942945,98
0.943551,98
0.944156,98
0.944762,98
0.945368,98
0.945973,98
0.946579,98
0.947184,98
0.947790,99
0.948396,99
0.949001,98
0.949607,99
0.950212,99
0.950818,99
0.951424,99
0.952029,100
0.952635,99
0.953241,99
0.953846,99
0.954452,99
0.955057,100
0.955663,100
0.956269,99
0.956874,100
0.957480,100
0.958085,99
0.958691,100
0.959297,100
0.959902,100
0.960508,100
0.961114,101
0.961719,100
0.962325,101
0.962930,101
0.963536,100
0.964142,100
0.964747,101
0.965353,101
0.965958,100
0.966564,100
0.967170,101
0.967775,101
0.968381,101
0.968987,101
0.969592,101
0.970198,101
0.970803,101
0.971409,101
0.972015,101
0.972620,102
0.973226,101
0.973832,101
0.974437,102
0.975043,102
0.975648,102
0.976254,102
0.976860,102
0.977465,102
0.978071,102
0.978676,102
0.979282,102
0.979888,102
0.980493,102
0.981099,102
0.981705,102
0.982310,102
0.982916,103
0.983521,103
0.984127,102
0.984733,103
0.985338,103
0.985944,103
0.986549,103
0.987155,103
0.987761,103
0.988366,103
0.988972,103
0.989578,103
0.990183,104
0.990789,103
0.991394,104
0.992000,104
0.992606,104
0.993211,103
0.993817,104
0.994422,103
0.995028,104
0.995634,103
0.996239,104
0.996845,104
0.997451,105
0.998056,104
0.998662,104
0.999267,104
0.999873,104
1.000479,104
1.001084,104
1.001690,104
1.002295,105
1.002901,104
1.003507,104
1.004112,104
1.004718,104
1.005324,104
1.005929,105
1.006535,105
1.007140,106
1.007746,105
1.008352,105
1.008957,105
1.009563,105
1.010168,105
1.010774,105
1.011380,106
1.011985,105
1.012591,105
1.013197,106
1.013802,105
1.014408,106
1.015013,106
1.015619,106
1.016225,106
1.016830,106
1.017436,106
1.018042,106
1.018647,106
1.019253,106
1.019858,106
1.020464,106
1.021070,106
1.021675,106
1.022281,107
1.022886,106
1.023492,106
1.024098,107
1.024703,107
1.025309,107
1.025915,107
1.026520,107
1.027126,107
1.027731,107
1.028337,107
1.028943,107
1.029548,107
1.030154,108
1.030759,107
1.031365,108
1.031971,108
1.032576,108
1.033182,107
1.033788,108
1.034393,108
1.034999,108
1.035604,108
1.036210,108
1.036816,108
1.037421,109
1.038027,108
1.038632,108
1.039238,108
1.039844,108
1.040449,108
1.041055,108
1.041661,108
1.042266,108
1.042872,109
1.043477,109
1.044083,109
1.044689,110
1.045294,109
1.045900,109
1.046505,109
1.047111,109
1.047717,110
1.048322,109
1.048928,109
1.049534,110
1.050139,109
1.050745,110
1.051350,110
1.051956,110
1.052562,110
1.053167,110
1.053773,110
1.054379,110
1.054984,110
1.055590,111
1.056195,110
1.056801,111
1.057407,111
1.058012,110
1.058618,110
1.059223,110
1.059829,110
1.060435,111
1.061040,111
1.061646,111
1.062252,111
1.062857,111
1.063463,111
1.064068,112
1.064674,112
1.065280,111
1.065885,111
1.066491,111
1.067096,112
1.067702,111
1.068308,112
1.068913,111
1.069519,112
1.070125,111
1.070730,112
1.071336,112
1.071941,112
1.072547,112
1.073153,111
1.073758,112
1.074364,112
1.074969,112
1.075575,112
1.076181,112
1.076786,112
1.077392,113
1.077998,112
1.078603,112
1.079209,113
1.079814,112
1.080420,113
1.081026,113
1.081631,113
1.082237,113
1.082842,113
1.083448,113
1.084054,113
1.084659,113
1.085265,113
1.085871,113
1.086476,113
1.087082,113
1.087687,113
1.088293,113
1.088899,114
1.089504,114
1.090110,114
1.090716,114
1.091321,114
1.091927,114
1.092532,114
1.093138,114
1.093744,114
1.094349,114
1.094955,115
1.095560,115
1.096166,114
1.096772,114
1.097377,115
1.097983,115
1.098589,114
1.099194,115
1.099800,114
1.100405,115
1.101011,115
1.101617,115
1.102222,116
1.102828,115
1.103433,116
1.104039,115
1.104645,115
1.105250,116
1.105856,115
1.106462,116
1.107067,115
1.107673,116
1.108278,116
1.108884,116
1.109490,116
1.110095,117
1.110701,117
1.111306,117
1.111912,117
1.112518,117
1.113123,116
1.113729,117
1.114335,116
1.114940,116
1.115546,117
1.116151,117
1.116757,116
1.117363,117
1.117968,117
1.118574,117
1.119179,117
1.119785,117
1.120391,117
1.120996,118
1.121602,118
1.122208,117
1.122813,118
1.123419,117
1.124024,118
1.124630,118
1.125236,117
1.125841,118
1.126447,117
1.127053,118
1.127658,118
1.128264,118
1.128869,119
1.129475,118
1.130081,118
1.130686,118
1.131292,118
1.131897,118
1.132503,118
1.133109,119
1.133714,118
1.134320,118
1.134926,118
1.135531,118
1.136137,118
1.136742,119
1.137348,119
1.137954,119
1.138559,119
1.139165,119
1.139770,119
1.140376,119
1.140982,119
1.141587,119
1.142193,119
1.142799,120
1.143404,119
1.144010,120
1.144615,120
1.145221,120
1.145827,120
1.146432,120
1.147038,120
1.147643,121
1.148249,120
1.148855,120
1.149460,121
1.150066,121
1.150672,120
1.151277,120
1.151883,120
1.152488,121
1.153094,121
1.153700,121
1.154305,120
1.154911,121
1.155516,121
1.156122,121
1.156728,121
1.157333,121
1.157939,121
1.158545,121
1.159150,121
1.159756,122
1.160361,121
1.160967,121
1.161573,122
1.162178,121
1.162784,121
1.163389,121
1.163995,122
1.164601,122
1.165206,122
1.165812,122
1.166418,122
1.167023,122
1.167629,122
1.168234,122
1.168840,122
1.169446,123
1.170051,123
1.170657,122
1.171263,122
1.171868,123
1.172474,122
1.173079,122
1.173685,123
1.174291,123
1.174896,123
1.175502,123
1.176107,123
1.176713,124
1.177319,124
1.177924,123
1.178530,123
1.179136,123
1.179741,124
1.180347,123
1.180952,124
1.181558,124
1.182164,123
1.182769,124
1.183375,124
1.183980,124
1.184586,124
1.185192,124
1.185797,124
1.186403,124
1.187009,124
1.187614,125
1.188220,124
1.188825,125
1.189431,124
1.190037,125
1.190642,125
1.191248,125
1.191853,125
1.192459,125
1.193065,125
1.193670,125
1.194276,125
1.194882,125
1.195487,125
1.196093,125
1.196698,125
1.197304,125
1.197910,126
1.198515,126
1.199121,125
1.199726,125
1.200332,126
1.200938,125
1.201543,126
1.202149,126
1.202755,126
1.203360,126
1.203966,126
1.204571,126
1.205177,126
1.205783,126
1.206388,126
1.206994,126
1.207600,126
1.208205,126
1.208811,126
1.209416,126
1.210022,126
1.210628,127
1.211233,127
1.211839,127
1.212444,127
1.213050,127
1.213656,127
1.214261,127
1.214867,127
1.215473,127
1.216078,127
1.216684,128
1.217289,127
1.217895,128
1.218501,128
1.219106,128
1.219712,127
1.220317,128
1.220923,127
1.221529,127
1.222134,128
1.222740,128
1.223346,128
1.223951,127
1.224557,128
1.225162,128
1.225768,128
1.226374,128
1.226979,128
1.227585,128
1.228190,128
1.228796,129
1.229402,129
1.230007,129
1.230613,129
1.231219,128
1.231824,129
1.232430,129
1.233035,129
1.233641,129
1.234247,129
1.234852,129
1.235458,130
1.236063,129
1.236669,129
1.237275,129
1.237880,129
1.238486,129
1.239092,130
1.239697,130
1.240303,130
1.240908,129
1.241514,130
1.242120,129
1.242725,130
1.243331,129
1.243937,130
1.244542,130
1.245148,131
1.245753,130
1.246359,131
1.246965,130
1.247570,131
1.248176,130
1.248781,130
1.249387,131
1.249993,130
1.250598,131
1.251204,131
1.251810,131
1.252415,131
1.253021,131
1.253626,131
1.254232,131
1.254838,131
1.255443,132
1.256049,132
1.256654,132
1.257260,131
1.257866,131
1.258471,132
1.259077,132
1.259683,131
1.260288,132
1.260894,132
1.261499,132
1.262105,132
1.262711,133
1.263316,132
1.263922,132
1.264527,132
1.265133,132
1.265739,132
1.266344,133
1.266950,132
1.267556,132
1.268161,132
1.268767,132
1.269372,133
1.269978,133
1.270584,133
1.271189,133
1.271795,133
1.272400,133
1.273006,133
1.273612,133
1.274217,134
1.274823,133
1.275429,133
1.276034,133
1.276640,133
1.277245,133
1.277851,134
1.278457,134
1.279062,134
1.279668,134
1.280274,134
1.280879,134
1.281485,134
1.282090,134
1.282696,134
1.283302,134
1.283907,134
1.284513,134
1.285118,135
1.285724,134
1.286330,134
1.286935,135
1.287541,134
1.288147,135
1.288752,134
1.289358,134
1.289963,135
1.290569,135
1.291175,135
1.291780,135
1.292386,135
1.292991,135
1.293597,135
1.294203,136
1.294808,135
1.295414,136
1.296020,135
1.296625,135
1.297231,135
1.297836,136
1.298442,136
1.299048,136
1.299653,136
1.300259,136
1.300864,136
1.301470,136
1.302076,136
1.302681,137
1.303287,136
1.303893,136
1.304498,136
1.305104,136
1.305709,137
1.306315,137
1.306921,136
1.307526,137
1.308132,137
1.308737,136
1.309343,137
1.309949,137
1.310554,137
1.311160,137
1.311766,137
1.312371,137
1.312977,138
1.313582,137
1.314188,137
1.314794,137
1.315399,137
1.316005,137
1.316611,137
1.317216,138
1.317822,138
1.318427,138
1.319033,138
1.319639,138
1.320244,138
1.320850,138
1.321455,138
1.322061,138
1.322667,138
1.323272,138
1.323878,139
1.324484,139
1.325089,138
1.325695,139
1.326300,138
1.326906,138
1.327512,139
1.328117,138
1.328723,139
1.329328,139
1.329934,139
1.330540,140
1.331145,139
1.331751,139
1.332357,139
1.332962,139
1.333568,140
1.334173,140
1.334779,139
1.335385,140
1.335990,140
1.336596,140
1.337201,140
1.337807,140
1.338413,140
1.339018,140
1.339624,140
1.340230,141
1.340835,140
1.341441,140
1.342046,140
1.342652,141
1.343258,140
1.343863,141
1.344469,140
1.345074,141
1.345680,141
1.346286,141
1.346891,141
1.347497,141
1.348103,141
1.348708,141
1.349314,141
1.349919,141
1.350525,141
1.351131,141
1.351736,141
1.352342,141
1.352947,141
1.353553,142
1.354159,141
1.354764,142
1.355370,142
1.355976,141
1.356581,142
1.357187,142
1.357792,142
1.358398,142
1.359004,142
1.359609,142
1.360215,143
1.360821,142
1.361426,143
1.362032,142
1.362637,142
1.363243,142
1.363849,142
1.364454,143
1.365060,143
1.365665,143
1.366271,143
1.366877,143
1.367482,143
1.368088,143
1.368694,143
1.369299,144
1.369905,143
1.370510,143
1.371116,144
1.371722,143
1.372327,143
1.372933,144
1.373538,143
1.374144,144
1.374750,144
1.375355,143
1.375961,144
1.376567,144
1.377172,144
1.377778,144
1.378383,144
1.378989,144
1.379595,144
1.380200,144
1.380806,144
1.381411,144
1.382017,144
1.382623,144
1.383228,145
1.383834,145
1.384440,144
1.385045,145
1.385651,145
1.386256,145
1.386862,145
1.387468,145
1.388073,145
1.388679,145
1.389284,146
1.389890,145
1.390496,145
1.391101,146
1.391707,145
1.392313,146
1.392918,146
1.393524,146
1.394129,146
1.394735,146
1.395341,146
1.395946,147
1.396552,146
1.397158,146
1.397763,146
1.398369,146
1.398974,146
1.399580,147
1.400186,146
1.400791,147
1.401397,146
1.402002,146
1.402608,146
1.403214,147
1.403819,147
1.404425,147
1.405031,147
1.405636,146
1.406242,147
1.406847,147
1.407453,147
1.408059,147
1.408664,147
1.409270,147
1.409875,147
1.410481,148
1.411087,147
1.411692,148
1.412298,147
1.412904,147
1.413509,148
1.414115,148
1.414720,148
1.415326,148
1.415932,148
1.416537,148
1.417143,149
1.417748,149
1.418354,149
1.418960,148
1.419565,148
1.420171,149
1.420777,149
1.421382,148
1.421988,149
1.422593,149
1.423199,149
1.423805,149
1.424410,150
1.425016,149
1.425621,149
1.426227,149
1.426833,150
1.427438,149
1.428044,150
1.428650,150
1.429255,149
1.429861,150
1.430466,150
1.431072,150
1.431678,150
1.432283,150
1.432889,150
1.433495,150
1.434100,150
1.434706,150
1.435311,150
1.435917,150
1.436523,150
1.437128,150
1.437734,151
1.438339,150
1.438945,150
1.439551,151
1.440156,151
1.440762,151
1.441368,151
1.441973,152
1.442579,151
1.443184,151
1.443790,151
1.444396,152
1.445001,151
1.445607,151
1.446212,151
1.446818,151
1.447424,152
1.448029,151
1.448635,152
1.449241,152
1.449846,151
1.450452,152
1.451057,151
1.451663,153
1.452269,152
1.452874,152
1.453480,152
1.454085,152
1.454691,152
1.455297,152
1.455902,152
1.456508,152
1.457114,152
1.457719,153
1.458325,153
1.458930,153
1.459536,152
1.460142,153
1.460747,153
1.461353,153
1.461958,153
1.462564,153
1.463170,153
1.463775,153
1.464381,154
1.464987,153
1.465592,153
1.466198,154
1.466803,153
1.467409,154
1.468015,154
1.468620,154
1.469226,154
1.469832,154
1.470437,154
1.471043,154
1.471648,154
1.472254,154
1.472860,154
1.473465,154
1.474071,155
1.474676,155
1.475282,155
1.475888,155
1.476493,155
1.477099,155
1.477705,155
1.478310,154
1.478916,155
1.479521,155
1.480127,156
1.480733,155
1.481338,155
1.481944,156
1.482549,155
1.483155,156
1.483761,155
1.484366,155
1.484972,155
1.485578,156
1.486183,156
1.486789,156
1.487394,156
1.488000,155
1.488606,156
1.489211,156
1.489817,156
1.490422,157
1.491028,157
1.491634,156
1.492239,156
1.492845,156
1.493451,157
1.494056,157
1.494662,157
1.495267,157
1.495873,157
1.496479,157
1.497084,157
1.497690,157
1.498295,157
1.498901,157
1.499507,158
1.500112,157
1.500718,158
1.501324,157
1.501929,157
1.502535,158
1.503140,157
1.503746,158
1.504352,157
1.504957,157
1.505563,158
1.506168,158
1.506774,158
1.507380,158
1.507985,158
1.508591,158
1.509197,159
1.509802,158
1.510408,159
1.511013,158
1.511619,158
1.512225,159
1.512830,159
1.513436,159
1.514042,158
1.514647,159
1.515253,159
1.515858,159
1.516464,160
1.517070,159
1.517675,159
1.518281,160
1.518886,159
1.519492,160
1.520098,159
1.520703,160
1.521309,159
1.521915,159
1.522520,159
1.523126,160
1.523731,159
1.524337,160
1.524943,160
1.525548,160
1.526154,160
1.526759,160
1.527365,160
1.527971,160
1.528576,161
1.529182,160
1.529788,160
1.530393,161
1.530999,160
1.531604,161
1.532210,160
1.532816,161
1.533421,160
1.534027,161
1.534632,161
1.535238,161
1.535844,161
1.536449,161
1.537055,161
1.537661,161
1.538266,161
1.538872,161
1.539477,161
1.540083,162
1.540689,161
1.541294,161
1.541900,162
1.542505,162
1.543111,162
1.543717,162
1.544322,162
1.544928,163
1.545534,163
1.546139,163
1.546745,162
1.547350,162
1.547956,163
1.548562,162
1.549167,162
1.549773,162
1.550379,162
1.550984,162
1.551590,163
1.552195,163
1.552801,163
1.553407,163
1.554012,163
1.554618,164
1.555223,163
1.555829,164
1.556435,164
1.557040,164
1.557646,164
1.558252,164
1.558857,164
1.559463,163
1.560068,164
1.560674,163
1.561280,164
1.561885,164
1.562491,164
1.563096,164
1.563702,164
1.564308,164
1.564913,165
1.565519,164
1.566125,165
1.566730,165
1.567336,164
1.567941,165
1.568547,164
1.569153,165
1.569758,164
1.570364,165
1.570969,165
1.571575,165
1.572181,165
1.572786,165
1.573392,165
1.573998,165
1.574603,165
1.575209,165
1.575814,165
1.576420,166
1.577026,165
1.577631,166
1.578237,166
1.578842,166
1.579448,166
1.580054,166
1.580659,166
1.581265,166
1.581871,166
1.582476,166
1.583082,166
1.583687,166
1.584293,167
1.584899,166
1.585504,166
1.586110,167
1.586716,167
1.587321,167
1.587927,167
1.588532,167
1.589138,167
1.589744,167
1.590349,167
1.590955,167
1.591560,167
1.592166,167
1.592772,167
1.593377,167
1.593983,167
1.594589,167
1.595194,168
1.595800,167
1.596405,168
1.597011,168
1.597617,168
1.598222,168
1.598828,167
1.599433,169
1.600039,168
1.600645,168
1.601250,168
1.601856,168
1.602462,168
1.603067,168
1.603673,168
1.604278,168
1.604884,168
1.605490,169
1.606095,168
1.606701,168
1.607306,169
1.607912,168
1.608518,169
1.609123,168
1.609729,169
1.610335,168
1.610940,169
1.611546,169
1.612151,169
1.612757,169
1.613363,169
1.613968,170
1.614574,169
1.615179,169
1.615785,169
1.616391,170
1.616996,170
1.617602,170
1.618208,171
1.618813,170
1.619419,170
1.620024,170
1.620630,170
1.621236,170
1.621841,170
1.622447,170
1.623053,170
1.623658,171
1.624264,170
1.624869,171
1.625475,171
1.626081,170
1.626686,170
1.627292,171
1.627897,171
1.628503,171
1.629109,171
1.629714,171
1.630320,172
1.630926,171
1.631531,171
1.632137,171
1.632742,171
1.633348,171
1.633954,171
1.634559,172
1.635165,172
1.635770,171
1.636376,172
1.636982,172
1.637587,172
1.638193,171
1.638799,172
1.639404,172
1.640010,172
1.640615,172
1.641221,172
1.641827,173
1.642432,172
1.643038,172
1.643643,173
1.644249,173
1.644855,173
1.645460,173
1.646066,173
1.646672,173
1.647277,173
1.647883,173
1.648488,173
1.649094,173
1.649700,174
1.650305,174
1.650911,174
1.651516,174
1.652122,173
1.652728,173
1.653333,173
1.653939,174
1.654545,173
1.655150,173
1.655756,174
1.656361,174
1.656967,174
1.657573,174
1.658178,174
1.658784,174
1.659389,174
1.659995,174
1.660601,174
1.661206,175
1.661812,175
1.662418,175
1.663023,175
1.663629,175
1.664234,175
1.664840,174
1.665446,175
1.666051,175
1.666657,176
1.667263,175
1.667868,175
1.668474,175
1.669079,175
1.669685,175
1.670291,175
1.670896,176
1.671502,175
1.672107,175
1.672713,175
1.673319,176
1.673924,177
1.674530,176
1.675136,176
1.675741,176
1.676347,176
1.676952,177
1.677558,176
1.678164,176
1.678769,176
1.679375,176
1.679980,176
1.680586,177
1.681192,177
1.681797,176
1.682403,176
1.683009,177
1.683614,176
1.684220,177
1.684825,177
1.685431,177
1.686037,177
1.686642,177
1.687248,177
1.687853,177
1.688459,177
1.689065,178
1.689670,178
1.690276,177
1.690882,177
1.691487,177
1.692093,177
1.692698,178
1.693304,178
1.693910,178
1.694515,178
1.695121,178
1.695726,178
1.696332,178
1.696938,178
1.697543,178
1.698149,178
1.698755,178
1.699360,178
1.699966,178
1.700571,179
1.701177,178
1.701783,178
1.702388,178
1.702994,179
1.703600,179
1.704205,179
1.704811,179
1.705416,180
1.706022,179
1.706628,179
1.707233,179
1.707839,179
1.708444,180
1.709050,179
1.709656,180
1.710261,179
1.710867,179
1.711473,180
1.712078,180
1.712684,179
1.713289,180
1.713895,180
1.714501,181
1.715106,181
1.715712,180
1.716317,180
1.716923,181
1.717529,180
1.718134,181
1.718740,181
1.719346,181
1.719951,181
1.720557,180
1.721162,181
1.721768,181
1.722374,180
1.722979,181
1.723585,181
1.724190,181
1.724796,181
1.725402,181
1.726007,181
1.726613,181
1.727219,182
1.727824,182
1.728430,181
1.729035,182
1.729641,182
1.730247,182
1.730852,182
1.731458,182
1.732063,182
1.732669,182
1.733275,182
1.733880,182
1.734486,182
1.735092,182
1.735697,183
1.736303,182
1.736908,183
1.737514,183
1.738120,183
1.738725,182
1.739331,182
1.739937,183
1.740542,183
1.741148,182
1.741753,183
1.742359,183
1.742965,183
1.743570,183
1.744176,183
1.744781,183
1.745387,183
1.745993,184
1.746598,183
1.747204,184
1.747810,183
1.748415,184
1.749021,184
1.749626,184
1.750232,184
1.750838,183
1.751443,184
1.752049,184
1.752654,184
1.753260,184
1.753866,184
1.754471,184
1.755077,184
1.755683,184
1.756288,185
1.756894,185
1.757499,185
1.758105,185
1.758711,185
1.759316,185
1.759922,184
1.760527,185
1.761133,185
1.761739,185
1.762344,186
1.762950,185
1.763556,185
1.764161,186
1.764767,185
1.765372,186
1.765978,185
1.766584,185
1.767189,186
1.767795,186
1.768400,186
1.769006,185
1.769612,186
1.770217,186
1.770823,186
1.771429,186
1.772034,186
1.772640,186
1.773245,186
1.773851,186
1.774457,187
1.775062,186
1.775668,187
1.776274,187
1.776879,187
1.777485,187
1.778090,187
1.778696,187
1.779302,188
1.779907,187
1.780513,187
1.781118,187
1.781724,187
1.782330,188
1.782935,187
1.783541,188
1.784147,187
1.784752,188
1.785358,188
1.785963,189
1.786569,188
1.787175,189
1.787780,188
1.788386,188
1.788991,188
1.789597,188
1.790203,188
1.790808,189
1.791414,188
1.792020,189
1.792625,188
1.793231,189
1.793836,188
1.794442,188
1.795048,189
1.795653,189
1.796259,189
1.796864,188
1.797470,189
1.798076,189
1.798681,190
1.799287,189
1.799893,189
1.800498,189
1.801104,190
1.801709,189
1.802315,190
1.802921,189
1.803526,189
1.804132,190
1.804737,190
1.805343,189
1.805949,189
1.806554,190
1.807160,190
1.807766,190
1.808371,190
1.808977,190
1.809582,190
1.810188,190
1.810794,191
1.811399,191
1.812005,190
1.812611,191
1.813216,191
1.813822,192
1.814427,191
1.815033,191
1.815639,190
1.816244,191
1.816850,191
1.817455,192
1.818061,191
1.818667,192
1.819272,191
1.819878,191
1.820484,191
1.821089,191
1.821695,192
1.822300,191
1.822906,192
1.823512,191
1.824117,191
1.824723,192
1.825328,191
1.825934,192
1.826540,192
1.827145,192
1.827751,192
1.828357,192
1.828962,192
1.829568,193
1.830173,192
1.830779,193
1.831385,193
1.831990,193
1.832596,192
1.833201,193
1.833807,192
1.834413,193
1.835018,193
1.835624,193
1.836230,194
1.836835,193
1.837441,193
1.838046,194
1.838652,193
1.839258,194
1.839863,194
1.840469,194
1.841074,193
1.841680,194
1.842286,194
1.842891,193
1.843497,194
1.844103,194
1.844708,194
1.845314,194
1.845919,194
1.846525,194
1.847131,195
1.847736,195
1.848342,194
1.848947,195
1.849553,194
1.850159,194
1.850764,194
1.851370,195
1.851976,195
1.852581,195
1.853187,195
1.853792,195
1.854398,196
1.855004,195
1.855609,195
1.856215,195
1.856821,195
1.857426,196
1.858032,195
1.858637,196
1.859243,196
1.859849,195
1.860454,195
1.861060,195
1.861665,196
1.862271,196
1.862877,195
1.863482,195
1.864088,196
1.864694,196
1.865299,196
1.865905,196
1.866510,196
1.867116,196
1.867722,196
1.868327,196
1.868933,196
1.869538,197
1.870144,196
1.870750,197
1.871355,197
1.871961,197
1.872567,196
1.873172,197
1.873778,197
1.874383,197
1.874989,197
1.875595,198
1.876200,197
1.876806,198
1.877411,198
1.878017,198
1.878623,197
1.879228,197
1.879834,198
1.880440,197
1.881045,198
1.881651,198
1.882256,198
1.882862,198
1.883468,199
1.884073,199
1.884679,198
1.885284,198
1.885890,198
1.886496,198
1.887101,198
1.887707,198
1.888313,199
1.888918,199
1.889524,199
1.890129,199
1.890735,198
1.891341,198
1.891946,199
1.892552,199
1.893158,199
1.893763,200
1.894369,199
1.894974,200
1.895580,199
1.896186,200
1.896791,199
1.897397,200
1.898002,200
1.898608,200
1.899214,200
1.899819,199
1.900425,200
1.901031,200
1.901636,200
1.902242,200
1.902847,201
1.903453,200
1.904059,200
1.904664,201
1.905270,200
1.905875,200
1.906481,200
1.907087,201
1.907692,201
1.908298,200
1.908904,201
1.909509,201
1.910115,201
1.910720,201
1.911326,201
1.911932,201
1.912537,201
1.913143,201
1.913748,201
1.914354,202
1.914960,202
1.915565,201
1.916171,202
1.916777,201
1.917382,202
1.917988,202
1.918593,202
1.919199,202
1.919805,202
1.920410,202
1.921016,202
1.921621,202
1.922227,203
1.922833,202
1.923438,202
1.924044,202
1.924650,202
1.925255,202
1.925861,203
1.926466,203
1.927072,203
1.927678,203
1.928283,202
1.928889,203
1.929495,203
1.930100,202
1.930706,203
1.931311,203
1.931917,203
1.932523,204
1.933128,203
1.933734,203
1.934339,204
1.934945,204
1.935551,204
1.936156,203
1.936762,204
1.937368,204
1.937973,204
1.938579,204
1.939184,204
1.939790,205
1.940396,205
1.941001,205
1.941607,204
1.942212,205
1.942818,204
1.943424,204
1.944029,205
1.944635,205
1.945241,205
1.945846,205
1.946452,205
1.947057,205
1.947663,205
1.948269,205
1.948874,205
1.949480,205
1.950085,205
1.950691,206
1.951297,205
1.951902,205
1.952508,206
1.953114,206
1.953719,206
1.954325,206
1.954930,206
1.955536,206
1.956142,205
1.956747,206
1.957353,206
1.957958,205
1.958564,206
1.959170,206
1.959775,206
1.960381,207
1.960987,206
1.961592,206
1.962198,207
1.962803,207
1.963409,206
1.964015,207
1.964620,207
1.965226,206
1.965832,206
1.966437,207
1.967043,207
1.967648,207
1.968254,207
1.968860,207
1.969465,207
1.970071,208
1.970676,207
1.971282,208
1.971888,207
1.972493,208
1.973099,208
1.973705,208
1.974310,208
1.974916,208
1.975521,209
1.976127,209
1.976733,208
1.977338,209
1.977944,209
1.978549,209
1.979155,208
1.979761,208
1.980366,208
1.980972,208
1.981578,209
1.982183,208
1.982789,209
1.983394,208
1.984000,208
1.984606,209
1.985211,209
1.985817,209
1.986422,209
1.987028,209
1.987634,208
1.988239,209
1.988845,210
1.989451,209
1.990056,209
1.990662,210
1.991267,209
1.991873,210
1.992479,210
1.993084,209
1.993690,210
1.994295,210
1.994901,210
1.995507,210
1.996112,210
1.996718,211
1.997324,210
1.997929,209
1.998535,211
1.999140,211
1.999746,210
2.000352,210
2.000957,210
2.001563,210
2.002168,210
2.002774,211
2.003380,211
2.003985,211
2.004591,210
2.005197,211
2.005802,211
2.006408,211
2.007013,211
2.007619,212
2.008225,211
2.008830,212
2.009436,212
2.010042,211
2.010647,212
2.011253,212
2.011858,212
2.012464,212
2.013070,212
2.013675,212
2.014281,212
2.014886,212
2.015492,212
2.016098,212
2.016703,213
2.017309,212
2.017915,212
2.018520,212
2.019126,213
2.019731,213
2.020337,212
2.020943,212
2.021548,213
2.022154,214
2.022759,212
2.023365,213
2.023971,213
2.024576,214
2.025182,213
2.025788,213
2.026393,213
2.026999,214
2.027604,213
2.028210,213
2.028816,213
2.029421,213
2.030027,214
2.030632,214
2.031238,214
2.031844,214
2.032449,215
2.033055,214
2.033661,214
2.034266,214
2.034872,214
2.035477,214
2.036083,215
2.036689,215
2.037294,215
2.037900,215
2.038505,215
2.039111,215
2.039717,215
2.040322,214
2.040928,214
2.041534,215
2.042139,215
2.042745,215
2.043350,215
2.043956,215
2.044562,215
2.045167,215
2.045773,216
2.046379,215
2.046984,216
2.047590,216
2.048195,216
2.048801,215
2.049407,216
2.050012,215
2.050618,216
2.051223,216
2.051829,216
2.052435,216
2.053040,217
2.053646,216
2.054252,216
2.054857,216
2.055463,216
2.056068,217
2.056674,216
2.057280,217
2.057885,217
2.058491,216
2.059096,217
2.059702,217
2.060308,217
2.060913,216
2.061519,217
2.062125,217
2.062730,217
2.063336,217
2.063941,218
2.064547,218
2.065153,218
2.065758,217
2.066364,218
2.066969,218
2.067575,217
2.068181,218
2.068786,218
2.069392,217
2.069998,219
2.070603,219
2.071209,218
2.071814,218
2.072420,218
2.073026,218
2.073631,218
2.074237,218
2.074842,219
2.075448,219
2.076054,218
2.076659,218
2.077265,218
2.077871,219
2.078476,220
2.079082,219
2.079687,219
2.080293,220
2.080899,219
2.081504,219
2.082110,219
2.082716,220
2.083321,220
2.083927,219
2.084532,219
2.085138,220
2.085744,221
2.086349,220
2.086955,220
2.087560,221
2.088166,220
2.088772,219
2.089377,220
2.089983,221
2.090589,220
2.091194,221
2.091800,221
2.092405,221
2.093011,220
2.093617,221
2.094222,221
2.094828,221
2.095433,220
2.096039,220
2.096645,221
2.097250,221
2.097856,221
2.098462,221
2.099067,221
2.099673,221
2.100278,221
2.100884,221
2.101490,221
2.102095,221
2.102701,221
2.103306,221
2.103912,222
2.104518,222
2.105123,221
2.105729,222
2.106335,222
2.106940,221
2.107546,222
2.108151,222
2.108757,222
2.109363,223
2.109968,222
2.110574,223
2.111179,223
2.111785,223
2.112391,222
2.112996,222
2.113602,223
2.114208,223
2.114813,224
2.115419,223
2.116024,223
2.116630,224
2.117236,223
2.117841,223
2.118447,223
2.119053,223
2.119658,223
2.120264,223
2.120869,224
2.121475,223
2.122081,223
2.122686,224
2.123292,224
2.123897,224
2.124503,224
2.125109,224
2.125714,224
2.126320,225
2.126926,224
2.127531,225
2.128137,224
2.128742,225
2.129348,225
2.129954,224
2.130559,224
2.131165,224
2.131770,224
2.132376,225
2.132982,224
2.133587,225
2.134193,225
2.134799,225
2.135404,225
2.136010,225
2.136615,225
2.137221,225
2.137827,225
2.138432,225
2.139038,226
2.139643,226
2.140249,225
2.140855,226
2.141460,226
2.142066,226
2.142672,226
2.143277,226
2.143883,226
2.144488,226
2.145094,226
2.145700,226
2.146305,226
2.146911,226
2.147516,226
2.148122,226
2.148728,226
2.149333,226
2.149939,227
2.150545,226
2.151150,227
2.151756,226
2.152361,228
2.152967,226
2.153573,227
2.154178,227
2.154784,227
2.155389,227
2.155995,228
2.156601,227
2.157206,227
2.157812,228
2.158418,227
2.159023,227
2.159629,227
2.160234,228
2.160840,228
2.161446,228
2.162051,228
2.162657,228
2.163263,228
2.163868,229
2.164474,228
2.165079,229
2.165685,228
2.166291,228
2.166896,228
2.167502,228
2.168107,229
2.168713,228
2.169319,229
2.169924,229
2.170530,229
2.171136,229
2.171741,229
2.172347,229
2.172952,229
2.173558,229
2.174164,229
2.174769,229
2.175375,229
2.175980,229
2.176586,230
2.177192,229
2.177797,229
2.178403,230
2.179009,229
2.179614,229
2.180220,230
2.180825,231
2.181431,230
2.182037,230
2.182642,230
2.183248,229
2.183853,230
2.184459,230
2.185065,230
2.185670,230
2.186276,231
2.186882,230
2.187487,230
2.188093,230
2.188698,230
2.189304,231
2.189910,231
2.190515,231
2.191121,231
2.191726,231
2.192332,231
2.192938,231
2.193543,231
2.194149,231
2.194755,231
2.195360,232
2.195966,232
2.196571,232
2.197177,232
2.197783,231
2.198388,232
2.198994,232
2.199600,232
2.200205,232
2.200811,233
2.201416,232
2.202022,232
2.202628,232
2.203233,232
2.203839,233
2.204444,232
2.205050,233
2.205656,233
2.206261,233
2.206867,233
2.207473,232
2.208078,232
2.208684,233
2.209289,233
2.209895,233
2.210501,233
2.211106,233
2.211712,233
2.212317,233
2.212923,233
2.213529,233
2.214134,234
2.214740,234
2.215346,234
2.215951,234
2.216557,234
2.217162,234
2.217768,234
2.218374,234
2.218979,233
2.219585,234
2.220190,234
2.220796,235
2.221402,234
2.222007,234
2.222613,234
2.223219,234
2.223824,234
2.224430,234
2.225035,235
2.225641,235
2.226247,236
2.226852,235
2.227458,235
2.228063,235
2.228669,235
2.229275,236
2.229880,235
2.230486,236
2.231092,235
2.231697,235
2.232303,235
2.232908,236
2.233514,236
2.234120,235
2.234725,235
2.235331,236
2.235937,235
2.236542,237
2.237148,237
2.237753,236
2.238359,236
2.238965,236
2.239570,237
2.240176,236
2.240781,236
2.241387,237
2.241993,237
2.242598,237
2.243204,237
2.243810,236
2.244415,236
2.245021,237
2.245626,238
2.246232,236
2.246838,237
2.247443,237
2.248049,237
2.248654,237
2.249260,237
2.249866,237
2.250471,237
2.251077,237
2.251683,238
2.252288,237
2.252894,238
2.253499,237
2.254105,237
2.254711,238
2.255316,237
2.255922,238
2.256527,239
2.257133,239
2.257739,238
2.258344,239
2.258950,238
2.259556,238
2.260161,238
2.260767,238
2.261372,238
2.261978,239
2.262584,239
2.263189,238
2.263795,239
2.264400,239
2.265006,239
2.265612,239
2.266217,239
2.266823,239
2.267429,239
2.268034,240
2.268640,239
2.269245,239
2.269851,240
2.270457,239
2.271062,239
2.271668,240
2.272274,239
2.272879,240
2.273485,240
2.274090,240
2.274696,240
2.275302,239
2.275907,240
2.276513,241
2.277118,240
2.277724,240
2.278330,240
2.278935,241
2.279541,241
2.280147,241
2.280752,240
2.281358,240
2.281963,241
2.282569,241
2.283175,241
2.283780,241
2.284386,241
2.284991,241
2.285597,241
2.286203,242
2.286808,242
2.287414,242
2.288020,241
2.288625,241
2.289231,241
2.289836,241
2.290442,241
2.291048,241
2.291653,241
2.292259,241
2.292864,242
2.293470,242
2.294076,242
2.294681,242
2.295287,242
2.295893,243
2.296498,242
2.297104,242
2.297709,242
2.298315,243
2.298921,243
2.299526,242
2.300132,242
2.300737,242
2.301343,243
2.301949,243
2.302554,243
2.303160,243
2.303766,243
2.304371,243
2.304977,244
2.305582,244
2.306188,243
2.306794,243
2.307399,243
2.308005,244
2.308611,243
2.309216,244
2.309822,243
2.310427,244
2.311033,244
2.311639,244
2.312244,245
2.312850,245
2.313455,245
2.314061,245
2.314667,244
2.315272,244
2.315878,245
2.316484,244
2.317089,244
2.317695,244
2.318300,244
2.318906,245
2.319512,245
2.320117,245
2.320723,246
2.321328,246
2.321934,245
2.322540,245
2.323145,245
2.323751,245
2.324357,245
2.324962,246
2.325568,246
2.326173,245
2.326779,246
2.327385,245
2.327990,245
2.328596,246
2.329201,246
2.329807,245
2.330413,246
2.331018,246
2.331624,246
2.332230,246
2.332835,247
2.333441,247
2.334046,246
2.334652,246
2.335258,246
2.335863,247
2.336469,246
2.337074,247
2.337680,246
2.338286,247
2.338891,246
2.339497,247
2.340103,247
2.340708,247
2.341314,247
2.341919,247
2.342525,248
2.343131,247
2.343736,248
2.344342,248
2.344947,247
2.345553,247
2.346159,248
2.346764,247
2.347370,247
2.347976,248
2.348581,248
2.349187,248
2.349792,248
2.350398,248
2.351004,249
2.351609,249
2.352215,248
2.352821,248
2.353426,248
2.354032,249
2.354637,249
2.355243,249
2.355849,248
2.356454,249
2.357060,249
2.357665,249
2.358271,249
2.358877,249
2.359482,249
2.360088,250
2.360694,249
2.361299,249
2.361905,249
2.362510,249
2.363116,249
2.363722,250
2.364327,249
2.364933,250
2.365538,250
2.366144,250
2.366750,250
2.367355,250
2.367961,250
2.368567,251
2.369172,250
2.369778,250
2.370383,250
2.370989,251
2.371595,251
2.372200,250
2.372806,251
2.373411,250
2.374017,251
2.374623,250
2.375228,251
2.375834,251
2.376440,251
2.377045,251
2.377651,251
2.378256,252
2.378862,251
2.379468,251
2.380073,252
2.380679,252
2.381284,250
2.381890,252
2.382496,251
2.383101,252
2.383707,252
2.384313,252
2.384918,251
2.385524,252
2.386129,251
2.386735,252
2.387341,252
2.387946,252
2.388552,252
2.389158,252
2.389763,253
2.390369,253
2.390974,252
2.391580,253
2.392186,252
2.392791,253
2.393397,253
2.394002,253
2.394608,254
2.395214,253
2.395819,254
2.396425,253
2.397031,254
2.397636,253
2.398242,253
2.398847,253
2.399453,253
2.400059,253
2.400664,253
2.401270,253
2.401875,255
2.402481,253
2.403087,254
2.403692,253
2.404298,254
2.404904,254
2.405509,254
2.406115,254
2.406720,254
2.407326,254
2.407932,254
2.408537,254
2.409143,254
2.409748,254
2.410354,254
2.410960,254
2.411565,255
2.412171,254
2.412777,255
2.413382,255
2.413988,255
2.414593,255
2.415199,255
2.415805,255
2.416410,255
2.417016,255
2.417621,255
2.418227,255
2.418833,255
2.419438,255
2.420044,255
2.420650,255
2.421255,255
2.421861,255
2.422466,255
2.423072,255
2.423678,255
2.424283,255
2.424889,255
2.425495,255
2.426100,255
2.426706,255
2.427311,255
2.427917,255
2.428523,255
2.429128,255
2.429734,255
2.430339,255
2.430945,255
2.431551,255
2.432156,255
2.432762,255
2.433368,255
2.433973,255
2.434579,255
2.435184,255
2.435790,255
2.436396,255
2.437001,255
2.437607,255
2.438212,255
2.438818,255
2.439424,255
2.440029,255
2.440635,255
2.441241,255
2.441846,255
2.442452,255
2.443057,255
2.443663,255
2.444269,255
2.444874,255
2.445480,255
2.446085,255
2.446691,255
2.447297,255
2.447902,255
2.448508,255
2.449114,255
2.449719,255
2.450325,255
2.450930,255
2.451536,255
2.452142,255
2.452747,255
2.453353,255
2.453958,255
2.454564,255
2.455170,255
2.455775,255
2.456381,255
2.456987,255
2.457592,255
2.458198,255
2.458803,255
2.459409,255
2.460015,255
2.460620,255
2.461226,255
2.461832,255
2.462437,255
2.463043,255
2.463648,255
2.464254,255
2.464860,255
2.465465,255
2.466071,255
2.466676,255
2.467282,255
2.467888,255
2.468493,255
2.469099,255
2.469705,255
2.470310,255
2.470916,255
2.471521,255
2.472127,255
2.472733,255
2.473338,255
2.473944,255
2.474549,255
2.475155,255
2.475761,255
2.476366,255
2.476972,255
2.477578,255
2.478183,255
2.478789,255
2.479394,255
2.480000,255
